{
  "timestamp": "2025-08-09T18:20:42",
  "batch_id": "11",
  "gate_threshold": 0.05,
  "gate": "PASS",
  "pr_auc_meta": 0.6289871772064218,
  "meta_model_pr_auc_reported": 0.6289871772064218,
  "dynamic_weights": {
    "xgboost": 0.1768925997912027,
    "lightgbm": 0.19754422275778263,
    "lightgbm_regressor": 0.2257115947901976,
    "catboost": 0.21136174066562663,
    "random_forest": 0.1884895039087594,
    "svm": 3.380864309221317e-07
  },
  "base_model_performance": {
    "xgboost": {
      "pr_auc": 0.44612614440734655,
      "roc_auc": 0.7030959752321981
    },
    "lightgbm": {
      "pr_auc": 0.5089244914996377,
      "roc_auc": 0.7601793530479343
    },
    "catboost": {
      "pr_auc": 0.5527420310754456,
      "roc_auc": 0.7941710259421373
    },
    "random_forest": {
      "pr_auc": 0.476703558791272,
      "roc_auc": 0.7460873278531013
    },
    "lightgbm_regressor": {
      "pr_auc": 0.6116884991920052,
      "roc_auc": 0.7981103875306929
    },
    "xgboost_regressor": {
      "pr_auc": 0.5615209692085688,
      "roc_auc": 0.7351233052204548
    },
    "random_forest_regressor": {
      "pr_auc": 0.6149383172465495,
      "roc_auc": 0.8370609586847444
    },
    "svm_regressor": {
      "pr_auc": 0.31367327939860656,
      "roc_auc": 0.6039713889185439
    }
  }
}