iter	F1	Logloss
0	0.6114158426	0.6837145182
1	0.640922332	0.6707617834
2	0.6588746469	0.6595263009
3	0.6743794424	0.6446976247
4	0.6934685452	0.6359712794
5	0.6985487665	0.6280170277
6	0.7075064258	0.6229945981
7	0.7111871764	0.6175543535
8	0.7133705655	0.6128507755
9	0.7173214388	0.6084022585
10	0.7199408412	0.6042229863
11	0.7371636802	0.5986285776
12	0.7384585019	0.5924955854
13	0.744666243	0.5875579151
