iter	Huber:delta=1.0
0	0.1998742848
1	0.194653687
2	0.1890730415
3	0.1828519101
4	0.1762639001
5	0.1704939564
6	0.1642703304
7	0.1577360817
8	0.1524870577
9	0.1471915022
