{
  "timestamp": "2025-08-11T13:54:36",
  "batch_id": "9",
  "gate_threshold": 0.05,
  "gate": "PASS",
  "pr_auc_meta": 0.26516989230319044,
  "meta_model_pr_auc_reported": 0.26516989230319044,
  "dynamic_weights": {
    "xgboost": 0.19500021106186835,
    "lightgbm": 0.21576651379028416,
    "lightgbm_regressor": 0.20672642017555617,
    "catboost": 0.1837467156205919,
    "random_forest": 0.19876013935169945
  },
  "base_model_performance": {
    "xgboost": {
      "pr_auc": 0.2566849929360585,
      "roc_auc": 0.5661785035424227
    },
    "lightgbm": {
      "pr_auc": 0.29467716296133106,
      "roc_auc": 0.6016070502851218
    },
    "catboost": {
      "pr_auc": 0.24060816631224688,
      "roc_auc": 0.5364523932953171
    },
    "random_forest": {
      "pr_auc": 0.26342286342010063,
      "roc_auc": 0.5729220667012269
    },
    "lightgbm_regressor": {
      "pr_auc": 0.2774363325064692,
      "roc_auc": 0.5878218420597892
    },
    "xgboost_regressor": {
      "pr_auc": 0.23481417355683662,
      "roc_auc": 0.5370226369448764
    },
    "catboost_regressor": {
      "pr_auc": 0.24354033832820798,
      "roc_auc": 0.5556808363573527
    },
    "random_forest_regressor": {
      "pr_auc": 0.25876522365410765,
      "roc_auc": 0.578170900293762
    },
    "svm_regressor": {
      "pr_auc": 0.2262003191770947,
      "roc_auc": 0.5143684119578366
    }
  }
}