{
  "batch": "batch_10",
  "timestamp": "2025-08-28 01:34:49",
  "training_time": 7.4908013343811035,
  "n_samples": 14639,
  "n_features": 108,
  "n_models": 4,
  "successful_models": [
    "xgboost",
    "lightgbm",
    "catboost",
    "random_forest"
  ],
  "failed_models": [],
  "drift_features": 0,
  "fixed_models": 0,
  "evaluation": {
    "xgboost": {
      "auc": 0.6497029212741376,
      "ap": 0.23311852226428298
    },
    "lightgbm": {
      "auc": 0.6593575214098403,
      "ap": 0.23917345598350523
    },
    "catboost": {
      "auc": 0.6565270213273184,
      "ap": 0.2402712001701972
    },
    "random_forest": {
      "auc": 0.6580206671434597,
      "ap": 0.22834388264365674
    },
    "ensemble": {
      "auc": 0.6634235572426693,
      "ap": 0.24263794272920838
    }
  },
  "errors": {}
}