{
  "batch": "batch_11",
  "timestamp": "2025-08-28 01:27:31",
  "training_time": 0.5713927745819092,
  "n_samples": 9276,
  "n_features": 108,
  "n_models": 1,
  "drift_features": 97,
  "fixed_models": 0,
  "evaluation": {
    "lightgbm": {
      "auc": 0.6297296339947576,
      "ap": 0.30640603536363087
    }
  }
}