{
  "batch": "batch_1",
  "timestamp": "2025-08-28 01:34:53",
  "training_time": 2.2763266563415527,
  "n_samples": 15620,
  "n_features": 108,
  "n_models": 4,
  "successful_models": [
    "xgboost",
    "lightgbm",
    "catboost",
    "random_forest"
  ],
  "failed_models": [],
  "drift_features": 0,
  "fixed_models": 0,
  "evaluation": {
    "xgboost": {
      "auc": 0.5954267035217331,
      "ap": 0.2830148569398977
    },
    "lightgbm": {
      "auc": 0.5709683138083488,
      "ap": 0.2657000625845991
    },
    "catboost": {
      "auc": 0.5807341225334482,
      "ap": 0.2731879040729943
    },
    "random_forest": {
      "auc": 0.5676283234080324,
      "ap": 0.2605396778223579
    },
    "ensemble": {
      "auc": 0.5882703565148807,
      "ap": 0.2782984851755418
    }
  },
  "errors": {}
}