{
  "batch": "batch_1",
  "timestamp": "2025-08-28 01:27:32",
  "training_time": 0.7260777950286865,
  "n_samples": 15620,
  "n_features": 108,
  "n_models": 1,
  "drift_features": 88,
  "fixed_models": 0,
  "evaluation": {
    "lightgbm": {
      "auc": 0.5793140688427557,
      "ap": 0.2716868945278905
    }
  }
}