{
  "timestamp": "2025-08-11T14:16:51",
  "batch_id": "1",
  "gate_threshold": 0.05,
  "gate": "PASS",
  "pr_auc_meta": 0.2199891007615173,
  "meta_model_pr_auc_reported": 0.2199891007615173,
  "dynamic_weights": {
    "xgboost": 0.20236700651288578,
    "lightgbm": 0.20926786845554052,
    "lightgbm_regressor": 0.19187825056706886,
    "catboost": 0.20133997466636958,
    "random_forest": 0.1951468997981352
  },
  "base_model_performance": {
    "xgboost": {
      "pr_auc": 0.2496839389520738,
      "roc_auc": 0.537110893366157
    },
    "lightgbm": {
      "pr_auc": 0.2660254433742554,
      "roc_auc": 0.5371635300596009
    },
    "catboost": {
      "pr_auc": 0.252108170370268,
      "roc_auc": 0.5257717349054158
    },
    "random_forest": {
      "pr_auc": 0.24179191186974044,
      "roc_auc": 0.5155764122829749
    },
    "lightgbm_regressor": {
      "pr_auc": 0.23768675475324388,
      "roc_auc": 0.5070695128271573
    },
    "xgboost_regressor": {
      "pr_auc": 0.22883110331368853,
      "roc_auc": 0.4930438585125681
    },
    "catboost_regressor": {
      "pr_auc": 0.24176841547422587,
      "roc_auc": 0.5193379113760042
    },
    "random_forest_regressor": {
      "pr_auc": 0.24094250541785173,
      "roc_auc": 0.527150411376004
    },
    "svm_regressor": {
      "pr_auc": 0.2615988376918354,
      "roc_auc": 0.5410161311220524
    }
  }
}