{
  "catboost": {
    "accuracy": 0.8642702200185931,
    "roc_auc": 0.9498909912014327
  },
  "random_forest": {
    "accuracy": 0.872327238921599,
    "roc_auc": 0.9489686989021258
  },
  "xgboost": {
    "accuracy": 0.8937093275488069,
    "roc_auc": 0.9624186327182122
  },
  "training_date": "2025-08-12T18:18:26.241840",
  "data_shape": [
    16133,
    117
  ]
}