{
  "hidden1": 256,
  "hidden2": 64,
  "dropout": 0.21024452875197042,
  "learning_rate": 0.0022563785686595733,
  "batch_size": 64,
  "epochs": 23,
  "final_train_loss": null,
  "final_val_loss": null,
  "final_val_accuracy": null,
  "threshold": 0.39999999999999997,
  "threshold_score": 0.7270916334661355
}