{
  "hidden1": 256,
  "hidden2": 64,
  "dropout": 0.23582765162914301,
  "lr": 0.0007780186598537794,
  "batch_size": 64
}