{"best_threshold": 0.39999999999999997, "best_threshold_score": 0.7270916334661355}