{
  "hidden1": 128,
  "hidden2": 128,
  "dropout": 0.21423857586582934,
  "lr": 0.0012142161245621349,
  "batch_size": 32
}