{
  "hidden1": 256,
  "hidden2": 64,
  "dropout": 0.2550309751349766,
  "lr": 0.0010547434125495049,
  "batch_size": 64
}