{
  "hidden1": 256,
  "hidden2": 128,
  "dropout": 0.27378855655338974,
  "lr": 0.0023819543429989495,
  "batch_size": 64
}