{
  "hidden1": 256,
  "hidden2": 128,
  "dropout": 0.2697787104280951,
  "lr": 0.001190281163845498,
  "batch_size": 32
}