{
  "hidden1": 256,
  "hidden2": 64,
  "dropout": 0.21024452875197042,
  "lr": 0.0022563785686595733,
  "batch_size": 64
}