{"best_threshold": 0.44999999999999996, "best_threshold_score": 0.7178538390379279}