feature,coefficient
xgboost,-0.06135840802532266
lightgbm,-0.03300241077419199
catboost,-0.06523543704629246
random_forest,-0.03633394899276714
svm,-0.045592910263567626
intercept,-4.349611000588157
