model_name,f1_score,roc_auc,pr_auc,optimal_threshold,accuracy,precision,recall
xgboost,0.0,0.4406779661016949,0.016666666666666666,0.20059999999999997,0.9833333333333333,0.0,0.0
lightgbm,0.0,0.4406779661016949,0.016666666666666666,0.20059999999999997,0.9833333333333333,0.0,0.0
catboost,0.0,0.4661016949152542,0.016666666666666666,0.20059999999999997,0.9833333333333333,0.0,0.0
random_forest,0.0,0.4745762711864407,0.016666666666666666,0.20059999999999997,0.9833333333333333,0.0,0.0
svm,0.0,0.4745762711864407,0.016666666666666666,0.20059999999999997,0.9833333333333333,0.0,0.0
meta_model,0.0,0.5,0.016666666666666666,0.5,0.9833333333333333,0.0,0.0
