{
  "timestamp": "2025-08-11T13:35:45",
  "batch_id": "3",
  "gate_threshold": 0.05,
  "gate": "PASS",
  "pr_auc_meta": 0.28499197565816337,
  "meta_model_pr_auc_reported": 0.28499197565816337,
  "dynamic_weights": {
    "xgboost": 0.20039912469569576,
    "lightgbm": 0.20150542618975692,
    "lightgbm_regressor": 0.1945200436571378,
    "catboost": 0.2057253509939397,
    "random_forest": 0.19785005446346984
  },
  "base_model_performance": {
    "xgboost": {
      "pr_auc": 0.2544664757855607,
      "roc_auc": 0.5363484503611892
    },
    "lightgbm": {
      "pr_auc": 0.2581102483765494,
      "roc_auc": 0.5340850404544673
    },
    "catboost": {
      "pr_auc": 0.2722138019585277,
      "roc_auc": 0.5249740186045918
    },
    "random_forest": {
      "pr_auc": 0.25236492213467787,
      "roc_auc": 0.5268771956670046
    },
    "lightgbm_regressor": {
      "pr_auc": 0.24584705335758736,
      "roc_auc": 0.5233067462366826
    },
    "xgboost_regressor": {
      "pr_auc": 0.2683741751411834,
      "roc_auc": 0.5286496687770572
    },
    "catboost_regressor": {
      "pr_auc": 0.26545014831911967,
      "roc_auc": 0.5475092927322227
    },
    "random_forest_regressor": {
      "pr_auc": 0.2702757036377686,
      "roc_auc": 0.5612858081010949
    },
    "svm_regressor": {
      "pr_auc": 0.2682710835438039,
      "roc_auc": 0.5537193244199614
    }
  }
}