{
  "timestamp": "2025-08-11T13:51:27",
  "batch_id": "8",
  "gate_threshold": 0.05,
  "gate": "PASS",
  "pr_auc_meta": 0.25234979162255056,
  "meta_model_pr_auc_reported": 0.25234979162255056,
  "dynamic_weights": {
    "xgboost": 0.196154523159998,
    "lightgbm": 0.1968942599661726,
    "lightgbm_regressor": 0.2003332308983948,
    "catboost": 0.20365102300752355,
    "random_forest": 0.202966962967911
  },
  "base_model_performance": {
    "xgboost": {
      "pr_auc": 0.24058508687722308,
      "roc_auc": 0.5039199137897963
    },
    "lightgbm": {
      "pr_auc": 0.23863153565030934,
      "roc_auc": 0.512495597071922
    },
    "catboost": {
      "pr_auc": 0.25204649609140634,
      "roc_auc": 0.5178889660006766
    },
    "random_forest": {
      "pr_auc": 0.2510805920449657,
      "roc_auc": 0.5164277169989643
    },
    "lightgbm_regressor": {
      "pr_auc": 0.24587050990902348,
      "roc_auc": 0.5142811805775944
    },
    "xgboost_regressor": {
      "pr_auc": 0.23678972122175193,
      "roc_auc": 0.4559899002932961
    },
    "catboost_regressor": {
      "pr_auc": 0.23412748056040147,
      "roc_auc": 0.507369019428683
    },
    "random_forest_regressor": {
      "pr_auc": 0.2513477488110265,
      "roc_auc": 0.5233747528257208
    },
    "svm_regressor": {
      "pr_auc": 0.25562211695793285,
      "roc_auc": 0.4932569810386377
    }
  }
}