{
  "timestamp": "2025-08-11T13:48:13",
  "batch_id": "7",
  "gate_threshold": 0.05,
  "gate": "PASS",
  "pr_auc_meta": 0.2434195758489945,
  "meta_model_pr_auc_reported": 0.2434195758489945,
  "dynamic_weights": {
    "xgboost": 0.1945301018943504,
    "lightgbm": 0.19432179494420804,
    "lightgbm_regressor": 0.19358202372092684,
    "catboost": 0.21337079600700593,
    "random_forest": 0.20419528343350876
  },
  "base_model_performance": {
    "xgboost": {
      "pr_auc": 0.2286065070089145,
      "roc_auc": 0.493287002672209
    },
    "lightgbm": {
      "pr_auc": 0.22750704215498407,
      "roc_auc": 0.4947530062351544
    },
    "catboost": {
      "pr_auc": 0.2532889857572208,
      "roc_auc": 0.5351330537410925
    },
    "random_forest": {
      "pr_auc": 0.24542933642944723,
      "roc_auc": 0.5050451863123515
    },
    "lightgbm_regressor": {
      "pr_auc": 0.2310310122762239,
      "roc_auc": 0.4826260020783848
    },
    "xgboost_regressor": {
      "pr_auc": 0.2271951012844086,
      "roc_auc": 0.4855116166864608
    },
    "catboost_regressor": {
      "pr_auc": 0.2211946089345123,
      "roc_auc": 0.46518241538004756
    },
    "random_forest_regressor": {
      "pr_auc": 0.23231076188442823,
      "roc_auc": 0.4704688427850357
    },
    "svm_regressor": {
      "pr_auc": 0.2470388312701941,
      "roc_auc": 0.47456762173396677
    }
  }
}