{
  "timestamp": "2025-08-11T13:57:45",
  "batch_id": "10",
  "gate_threshold": 0.05,
  "gate": "PASS",
  "pr_auc_meta": 0.2605252046630284,
  "meta_model_pr_auc_reported": 0.2605252046630284,
  "dynamic_weights": {
    "xgboost": 0.20155121338648802,
    "lightgbm": 0.20824226971888773,
    "lightgbm_regressor": 0.20219635450871698,
    "catboost": 0.18505776229120965,
    "random_forest": 0.20295240009469767
  },
  "base_model_performance": {
    "xgboost": {
      "pr_auc": 0.2660928715346871,
      "roc_auc": 0.5808663050759556
    },
    "lightgbm": {
      "pr_auc": 0.27606689168826026,
      "roc_auc": 0.5974890334291332
    },
    "catboost": {
      "pr_auc": 0.23481629583909064,
      "roc_auc": 0.5555027335393392
    },
    "random_forest": {
      "pr_auc": 0.2665964374783162,
      "roc_auc": 0.5880458975300905
    },
    "lightgbm_regressor": {
      "pr_auc": 0.26019835146499054,
      "roc_auc": 0.5984668409793201
    },
    "xgboost_regressor": {
      "pr_auc": 0.22444794091180795,
      "roc_auc": 0.5445901851891868
    },
    "catboost_regressor": {
      "pr_auc": 0.22980274523791172,
      "roc_auc": 0.567122976856754
    },
    "random_forest_regressor": {
      "pr_auc": 0.26673076270058904,
      "roc_auc": 0.5967651317068955
    },
    "svm_regressor": {
      "pr_auc": 0.2884775501772796,
      "roc_auc": 0.618665859930419
    }
  }
}