{
  "timestamp": "2025-08-11T13:45:04",
  "batch_id": "6",
  "gate_threshold": 0.05,
  "gate": "PASS",
  "pr_auc_meta": 0.2907086059290955,
  "meta_model_pr_auc_reported": 0.2907086059290955,
  "dynamic_weights": {
    "xgboost": 0.1950605000397724,
    "lightgbm": 0.19329713580811253,
    "lightgbm_regressor": 0.19973463751603518,
    "catboost": 0.20494505919548014,
    "random_forest": 0.20696266744059968
  },
  "base_model_performance": {
    "xgboost": {
      "pr_auc": 0.2755879102463131,
      "roc_auc": 0.5904856013551665
    },
    "lightgbm": {
      "pr_auc": 0.26891545946818873,
      "roc_auc": 0.5949034862078341
    },
    "catboost": {
      "pr_auc": 0.2920026789151882,
      "roc_auc": 0.6146924733881256
    },
    "random_forest": {
      "pr_auc": 0.29820798837748885,
      "roc_auc": 0.612972373841939
    },
    "lightgbm_regressor": {
      "pr_auc": 0.28239300891168295,
      "roc_auc": 0.6041653596001422
    },
    "xgboost_regressor": {
      "pr_auc": 0.25580749664654073,
      "roc_auc": 0.5798800635757158
    },
    "catboost_regressor": {
      "pr_auc": 0.26977634911318343,
      "roc_auc": 0.594132316958404
    },
    "random_forest_regressor": {
      "pr_auc": 0.2932895029289377,
      "roc_auc": 0.6263671915845829
    },
    "svm_regressor": {
      "pr_auc": 0.27120333444642974,
      "roc_auc": 0.5610687621557188
    }
  }
}