{
  "timestamp": "2025-08-09T15:40:04",
  "batch_id": "6",
  "gate_threshold": 0.05,
  "gate": "PASS",
  "pr_auc_meta": 0.6396013397220635,
  "meta_model_pr_auc_reported": 0.6396013397220635,
  "dynamic_weights": {
    "xgboost": 0.16624067208923568,
    "lightgbm": 0.19723261788193897,
    "lightgbm_regressor": 0.22617894587986703,
    "catboost": 0.21180247310055644,
    "random_forest": 0.1985449696231658,
    "svm": 3.214252360927638e-07
  },
  "base_model_performance": {
    "xgboost": {
      "pr_auc": 0.4263407839466187,
      "roc_auc": 0.7292000668519539
    },
    "lightgbm": {
      "pr_auc": 0.5361947266567124,
      "roc_auc": 0.7942754919499107
    },
    "catboost": {
      "pr_auc": 0.5837332797048774,
      "roc_auc": 0.8344485642304907
    },
    "random_forest": {
      "pr_auc": 0.5437969160794863,
      "roc_auc": 0.7901467647987321
    },
    "lightgbm_regressor": {
      "pr_auc": 0.6493165932825342,
      "roc_auc": 0.8305117269469084
    },
    "xgboost_regressor": {
      "pr_auc": 0.5210024293733484,
      "roc_auc": 0.757259317491071
    },
    "random_forest_regressor": {
      "pr_auc": 0.6614068778106793,
      "roc_auc": 0.858224337825207
    },
    "svm_regressor": {
      "pr_auc": 0.3375186043232098,
      "roc_auc": 0.657439446366782
    }
  }
}