{
  "timestamp": "2025-08-11T13:38:54",
  "batch_id": "4",
  "gate_threshold": 0.05,
  "gate": "PASS",
  "pr_auc_meta": 0.2444392146847455,
  "meta_model_pr_auc_reported": 0.2444392146847455,
  "dynamic_weights": {
    "xgboost": 0.2258677951486541,
    "lightgbm": 0.19777688208884822,
    "lightgbm_regressor": 0.18880845356057,
    "catboost": 0.17843134932529525,
    "random_forest": 0.2091155198766324
  },
  "base_model_performance": {
    "xgboost": {
      "pr_auc": 0.3821871562957443,
      "roc_auc": 0.673148776259543
    },
    "lightgbm": {
      "pr_auc": 0.3142739903922796,
      "roc_auc": 0.6369857113630735
    },
    "catboost": {
      "pr_auc": 0.27004921906819346,
      "roc_auc": 0.6061418526773698
    },
    "random_forest": {
      "pr_auc": 0.3357156849220443,
      "roc_auc": 0.6655145309084645
    },
    "lightgbm_regressor": {
      "pr_auc": 0.2920598928104237,
      "roc_auc": 0.626681095282704
    },
    "xgboost_regressor": {
      "pr_auc": 0.22645880830430706,
      "roc_auc": 0.518315728268243
    },
    "catboost_regressor": {
      "pr_auc": 0.2927461974263007,
      "roc_auc": 0.6060234088143769
    },
    "random_forest_regressor": {
      "pr_auc": 0.27895575591873684,
      "roc_auc": 0.6487601081069438
    },
    "svm_regressor": {
      "pr_auc": 0.2436588646739419,
      "roc_auc": 0.5650472160308385
    }
  }
}