{
  "timestamp": "2025-08-11T13:32:34",
  "batch_id": "2",
  "gate_threshold": 0.05,
  "gate": "PASS",
  "pr_auc_meta": 0.24905090032427993,
  "meta_model_pr_auc_reported": 0.24905090032427993,
  "dynamic_weights": {
    "xgboost": 0.20370549096041235,
    "lightgbm": 0.20773450732503954,
    "lightgbm_regressor": 0.196518106720989,
    "catboost": 0.1918789856910291,
    "random_forest": 0.20016290930253008
  },
  "base_model_performance": {
    "xgboost": {
      "pr_auc": 0.2373236193728447,
      "roc_auc": 0.5345381947332826
    },
    "lightgbm": {
      "pr_auc": 0.24520161750061223,
      "roc_auc": 0.5376811541786171
    },
    "catboost": {
      "pr_auc": 0.22160545274746418,
      "roc_auc": 0.5080310028174515
    },
    "random_forest": {
      "pr_auc": 0.2300804180424138,
      "roc_auc": 0.5325128123519391
    },
    "lightgbm_regressor": {
      "pr_auc": 0.22958763714998906,
      "roc_auc": 0.5141903353092867
    },
    "xgboost_regressor": {
      "pr_auc": 0.22816643180745388,
      "roc_auc": 0.5128828786470445
    },
    "catboost_regressor": {
      "pr_auc": 0.23148528555785758,
      "roc_auc": 0.5233298733050986
    },
    "random_forest_regressor": {
      "pr_auc": 0.23801174291926633,
      "roc_auc": 0.5387535218144532
    },
    "svm_regressor": {
      "pr_auc": 0.22256996938443283,
      "roc_auc": 0.5114705361114829
    }
  }
}