{
  "timestamp": "2025-08-09T13:24:45",
  "batch_id": "2",
  "gate_threshold": 0.05,
  "gate": "PASS",
  "pr_auc_meta": 0.5590136071183557,
  "meta_model_pr_auc_reported": 0.5590136071183557,
  "dynamic_weights": {
    "xgboost": 0.16776561097875117,
    "lightgbm": 0.18929501039423194,
    "lightgbm_regressor": 0.23553703489184402,
    "catboost": 0.2195480918529339,
    "random_forest": 0.18785388215047508,
    "svm": 3.697317638489568e-07
  },
  "base_model_performance": {
    "xgboost": {
      "pr_auc": 0.34038988761010225,
      "roc_auc": 0.7182553343509466
    },
    "lightgbm": {
      "pr_auc": 0.40199848234174296,
      "roc_auc": 0.7686012146406418
    },
    "catboost": {
      "pr_auc": 0.5007042843018992,
      "roc_auc": 0.8110356922477348
    },
    "random_forest": {
      "pr_auc": 0.4024487000918497,
      "roc_auc": 0.7545581501087979
    },
    "lightgbm_regressor": {
      "pr_auc": 0.5537442670763455,
      "roc_auc": 0.8314247669773636
    },
    "xgboost_regressor": {
      "pr_auc": 0.43471059244086696,
      "roc_auc": 0.7402357831833978
    },
    "random_forest_regressor": {
      "pr_auc": 0.5461176502314803,
      "roc_auc": 0.8376863369166315
    },
    "svm_regressor": {
      "pr_auc": 0.2917013644621508,
      "roc_auc": 0.6356922477347278
    }
  }
}